id,team,season,games_played,wins,losses,ties,ots,points,regular_ot_wins,point_percent,goals_for,goals_allowed,shootout_win,goals_for_per_game,goals_allowed_per_game,pp_percent,pk_percent,shots_per_game,shots_allowed_per_game,faceoff_win_percent
1,Florida Pathers,2018-19,82,36,32,0,14,86,33,0.524,264,273,3,3.22,3.33,26.8,81.3,33,30.7,49.8
2,Vancouver Canucks,2018-19,82,35,36,0,11,81,29,0.494,219,248,6,2.67,3.02,17.1,81.1,29.7,31.7,49.5
3,Detroit Red Wings,2018-19,82,32,40,0,10,74,29,0.451,224,272,3,2.73,3.32,18.1,77.1,29.2,33.7,50.8
4,Colorado Avalanche,2018-19,82,38,30,0,14,90,36,0.549,258,244,2,3.15,2.98,22,78.7,32.6,31.9,48.1
5,Montréal Canadiens,2018-19,82,44,30,0,8,96,41,0.585,246,236,3,3,2.88,13.2,80.9,34.1,31.1,49.4
6,Columbus Blue Jackets,2018-19,82,47,31,0,4,98,45,0.598,256,231,2,3.12,2.82,15.4,85,31.6,29.5,50.2
7,Winnipeg Jets,2018-19,82,47,30,0,5,99,45,0.604,270,243,2,3.29,2.96,24.8,79.2,31.2,33.4,50.7
8,Boston Bruins,2018-19,82,49,24,0,9,107,47,0.652,257,212,2,3.13,2.59,25.9,79.9,32.7,29.5,50.7
9,San Jose Sharks,2018-19,82,46,27,0,9,101,46,0.616,289,258,0,3.52,3.15,23.6,80.8,33,28.3,50.3
10,Buffalo Sabres,2018-19,82,33,39,0,10,76,28,0.463,221,268,5,2.7,3.27,19.5,80.9,32.9,33,47.9
11,Philadelphia Flyers,2018-19,82,37,37,0,8,82,34,0.5,241,280,3,2.94,3.41,17.1,78.5,31.5,32.5,54.7
12,St. Louis Blues,2018-19,82,45,28,0,9,99,42,0.604,244,220,3,2.98,2.68,21.1,81.5,31.8,28.6,51.4
13,Pittsburgh Penguins,2018-19,82,44,26,0,12,100,42,0.61,271,238,2,3.3,2.9,24.6,79.7,33.3,33.3,50.6
14,Dallas Stars,2018-19,82,43,32,0,7,93,42,0.567,209,200,1,2.55,2.44,21,82.8,30.7,31.6,51.9
15,Vegas Golden Knights,2018-19,82,43,32,0,7,93,40,0.567,246,228,3,3,2.78,16.8,80.9,34.3,29.3,50.4
16,Chicago Blackhawks,2018-19,82,36,34,0,12,84,33,0.512,267,291,3,3.26,3.55,20.2,72.7,32.5,34.8,49.5
17,Los Angeles Kings,2018-19,82,31,42,0,9,71,28,0.433,199,259,3,2.43,3.16,15.8,76.5,28.8,31.4,50.5
18,New York Islanders,2018-19,82,48,27,0,7,103,43,0.628,223,191,5,2.72,2.33,14.5,79.9,28.8,30.9,47.4
19,Anaheim Ducks,2018-19,82,35,37,0,10,80,32,0.488,196,248,3,2.39,3.02,17,79.7,27.7,33.2,51.3
20,New York Rangers,2018-19,82,32,36,0,14,78,26,0.476,221,267,6,2.7,3.26,19.4,78.2,29.2,33.8,46.9
21,Nashville Predators,2018-19,82,47,29,0,6,100,43,0.61,236,212,4,2.88,2.59,12.9,82.1,32.7,30,51.5
22,Edmonton Oilers,2018-19,82,35,38,0,9,79,32,0.482,229,271,3,2.79,3.3,21.2,74.8,29.2,31.7,48.4
23,Calgary Flames,2018-19,82,50,25,0,7,107,50,0.652,289,223,0,3.52,2.72,19.3,79.7,32.4,28.1,52.4
24,Toronto Maple Leafs,2018-19,82,46,28,0,8,100,46,0.61,286,249,0,3.49,3.04,21.8,79.9,33.4,33.1,53
25,Washington Capitals,2018-19,82,48,26,0,8,104,44,0.634,274,248,4,3.34,3.02,20.8,78.9,30.4,31.5,45.7
26,Carolina Hurricanes,2018-19,82,46,29,0,7,99,44,0.604,243,221,2,2.96,2.7,17.8,81.6,34.4,28.6,49
27,Minnesota Wild,2018-19,82,37,36,0,9,83,36,0.506,210,233,1,2.56,2.84,20.3,81.7,31.3,29.5,49.4
28,Ottawa Senators,2018-19,82,29,47,0,6,64,29,0.39,242,301,0,2.95,3.67,20.3,79.2,29.6,35.7,49.6
29,Arizona Coyotes,2018-19,82,39,35,0,8,86,35,0.524,209,220,4,2.55,2.68,16.3,85,30.7,30.8,47.9
30,Tampa Bay Lightning,2018-19,82,62,16,0,4,128,56,0.78,319,221,6,3.89,2.7,28.2,85,32,32.1,51.2
31,New Jersey Devils,2018-19,82,31,41,0,10,72,28,0.439,219,271,3,2.67,3.3,17.7,84.3,30.3,31.6,49.3
32,Detroit Red Wings,2017-18,82,30,39,0,13,73,25,0.445,212,254,5,2.59,3.1,17.5,77.5,30.4,31.9,48.9
33,Winnipeg Jets,2017-18,82,52,20,0,10,114,48,0.695,273,216,4,3.33,2.63,23.4,81.8,32.2,31.9,52.4
34,New York Islanders,2017-18,82,35,37,0,10,80,32,0.488,261,293,3,3.18,3.57,23.2,73.2,31.4,35.6,48.9
35,Toronto Maple Leafs,2017-18,82,49,26,0,7,105,42,0.64,270,230,7,3.29,2.8,25,81.4,32.2,33.9,51.8
36,Florida Pathers,2017-18,82,44,30,0,8,96,41,0.585,245,243,3,2.99,2.96,18.9,80.2,34.4,34.6,50.7
37,New York Rangers,2017-18,82,34,39,0,9,77,31,0.47,228,263,3,2.78,3.21,21.2,81.4,31,35.3,49.3
38,Philadelphia Flyers,2017-18,82,42,26,0,14,98,40,0.598,249,236,2,3.04,2.88,20.7,75.8,32.1,29.9,53.3
39,Dallas Stars,2017-18,82,42,32,0,8,92,38,0.561,231,222,4,2.82,2.71,19.3,80.8,31.2,29.8,52.5
40,Columbus Blue Jackets,2017-18,82,45,30,0,7,97,39,0.591,236,226,6,2.88,2.76,17.2,76.2,33.7,31.3,48.4
41,Washington Capitals,2017-18,82,49,26,0,7,105,46,0.64,256,238,3,3.12,2.9,22.5,80.3,29,31.9,50.4
42,Nashville Predators,2017-18,82,53,18,0,11,117,47,0.713,261,204,6,3.18,2.49,21.2,81.9,32.2,32.4,53.3
43,Minnesota Wild,2017-18,82,45,26,0,11,101,42,0.616,250,229,3,3.05,2.79,20.4,81.3,30.2,31.3,49.8
44,San Jose Sharks,2017-18,82,45,27,0,10,100,40,0.61,247,226,5,3.01,2.76,20.6,84.8,33,30.3,51.2
45,Montréal Canadiens,2017-18,82,29,40,0,13,71,27,0.433,207,258,2,2.52,3.15,21.2,74.1,32.8,32.3,47.5
46,St. Louis Blues,2017-18,82,44,32,0,6,94,41,0.573,223,222,3,2.72,2.71,15.4,79.7,32.6,29.7,50.6
47,Vegas Golden Knights,2017-18,82,51,24,0,7,109,47,0.665,268,225,4,3.27,2.74,21.4,81.4,32.8,30.7,48.9
48,Boston Bruins,2017-18,82,50,20,0,12,112,47,0.683,267,211,3,3.26,2.57,23.5,83.7,33,29.3,50.7
49,New Jersey Devils,2017-18,82,44,29,0,9,97,39,0.591,243,240,5,2.96,2.93,21.4,81.8,31.7,31.9,47
50,Ottawa Senators,2017-18,82,28,43,0,11,67,26,0.409,219,284,2,2.67,3.46,16.6,76.2,30.7,33.1,50.3
51,Chicago Blackhawks,2017-18,82,33,39,0,10,76,32,0.463,228,254,1,2.78,3.1,16,79.1,34.1,32.9,49.3
52,Arizona Coyotes,2017-18,82,29,41,0,12,70,27,0.427,206,251,2,2.51,3.06,16.9,79.5,29.9,32.2,47.7
53,Carolina Hurricanes,2017-18,82,36,35,0,11,83,33,0.506,225,253,3,2.74,3.09,18.4,77.5,33.9,28.9,54.1
54,Buffalo Sabres,2017-18,82,25,45,0,12,62,24,0.378,198,278,1,2.41,3.39,19.1,77.9,31.2,32.7,51.5
55,Pittsburgh Penguins,2017-18,82,47,29,0,6,100,45,0.61,270,248,2,3.29,3.02,26.2,80,34.4,31.1,50.2
56,Colorado Avalanche,2017-18,82,43,30,0,9,95,41,0.579,255,236,2,3.11,2.88,21.9,83.3,29.7,33.3,44.2
57,Edmonton Oilers,2017-18,82,36,40,0,6,78,31,0.476,229,262,5,2.79,3.2,14.8,76.7,33.4,32.1,48.7
58,Anaheim Ducks,2017-18,82,44,25,0,13,101,40,0.616,231,209,4,2.82,2.55,17.8,83.2,30.2,33.1,51.3
59,Los Angeles Kings,2017-18,82,45,29,0,8,98,43,0.598,237,202,2,2.89,2.46,20.4,85,31,30.9,49.7
60,Calgary Flames,2017-18,82,37,35,0,10,84,35,0.512,216,243,2,2.63,2.96,16,81.8,33.6,31.1,49.4
61,Vancouver Canucks,2017-18,82,31,40,0,11,73,31,0.445,218,259,0,2.66,3.16,21.4,78.3,30,32.2,49.5
62,Tampa Bay Lightning,2017-18,82,54,23,0,5,113,48,0.689,290,234,6,3.54,2.85,23.9,76.1,32.7,32.7,48.2
63,Philadelphia Flyers,2016-17,82,39,33,0,10,88,32,0.537,212,231,7,2.59,2.82,19.5,79.8,31.5,28.5,52.3
64,Carolina Hurricanes,2016-17,82,36,31,0,15,87,33,0.53,212,230,3,2.59,2.8,17.7,84.2,30.4,28.3,53.1
65,Florida Pathers,2016-17,82,35,36,0,11,81,30,0.494,205,231,5,2.5,2.82,17,85.3,32.2,31.6,47.9
66,Los Angeles Kings,2016-17,82,39,35,0,8,86,37,0.524,199,201,2,2.43,2.45,19.1,84.5,31.1,25.9,50.8
67,Anaheim Ducks,2016-17,82,46,23,0,13,105,43,0.64,220,197,3,2.68,2.4,18.7,84.7,29.6,29.6,54.7
68,Pittsburgh Penguins,2016-17,82,50,21,0,11,111,46,0.677,278,229,4,3.39,2.79,23.1,79.8,33.5,32.6,47.6
69,Detroit Red Wings,2016-17,82,33,36,0,13,79,24,0.482,198,244,9,2.41,2.98,15.1,80.8,28.5,30.6,51.9
70,Nashville Predators,2016-17,82,41,29,0,12,94,39,0.573,238,220,2,2.9,2.68,18.9,80.9,31.2,30.1,51.4
71,New York Islanders,2016-17,82,41,29,0,12,94,39,0.573,239,238,2,2.91,2.9,14.9,81.9,30.2,31.9,47.7
72,Colorado Avalanche,2016-17,82,22,56,0,4,48,21,0.293,165,276,1,2.01,3.37,12.6,76.6,28.1,31.7,53.6
73,Edmonton Oilers,2016-17,82,47,26,0,9,103,43,0.628,243,207,4,2.96,2.52,22.9,80.7,31.1,29.5,47
74,Buffalo Sabres,2016-17,82,33,37,0,12,78,31,0.476,199,231,2,2.43,2.82,24.5,77.6,30.4,34.3,49.6
75,San Jose Sharks,2016-17,82,46,29,0,7,99,44,0.604,219,200,2,2.67,2.44,16.7,80.7,29.9,27.7,48.1
76,Minnesota Wild,2016-17,82,49,25,0,8,106,46,0.646,263,206,3,3.21,2.51,21,82.9,30.8,30.1,51.9
77,Dallas Stars,2016-17,82,34,37,0,11,79,33,0.482,222,260,1,2.71,3.17,17.9,73.9,30.5,29.7,49.9
78,Tampa Bay Lightning,2016-17,82,42,30,0,10,94,38,0.573,230,224,4,2.8,2.73,22.8,81.4,29.9,30.4,47.7
79,Vancouver Canucks,2016-17,82,30,43,0,9,69,26,0.421,178,241,4,2.17,2.94,14.1,76.7,27.7,31.8,51.1
80,Montréal Canadiens,2016-17,82,47,26,0,9,103,44,0.628,223,198,3,2.72,2.41,19.7,81.1,30,29.6,50.3
81,St. Louis Blues,2016-17,82,46,29,0,7,99,44,0.604,233,216,2,2.84,2.63,21.3,84.8,28.4,28.4,50.3
82,Washington Capitals,2016-17,82,55,19,0,8,118,53,0.72,261,177,2,3.18,2.16,23.1,83.8,30.4,27.8,49.8
83,Calgary Flames,2016-17,82,45,33,0,4,94,41,0.573,222,219,4,2.71,2.67,20.2,81.6,29.1,28.7,48.9
84,New York Rangers,2016-17,82,48,28,0,6,102,45,0.622,253,216,3,3.09,2.63,20.2,79.8,29.7,30.1,48.4
85,Winnipeg Jets,2016-17,82,40,35,0,7,87,37,0.53,246,255,3,3,3.11,18.2,77.5,29.9,31,48.5
86,Columbus Blue Jackets,2016-17,82,50,24,0,8,108,48,0.659,247,193,2,3.01,2.35,19.9,82.5,31,30.4,48.6
87,New Jersey Devils,2016-17,82,28,40,0,14,70,25,0.427,180,241,3,2.2,2.94,17.5,79.6,27.8,31.4,49.2
88,Boston Bruins,2016-17,82,44,31,0,7,95,42,0.579,232,209,2,2.83,2.55,21.7,85.7,33.2,26.8,53.2
89,Toronto Maple Leafs,2016-17,82,40,27,0,15,95,39,0.579,250,234,1,3.05,2.85,23.8,82.5,31.9,32.6,49.9
90,Ottawa Senators,2016-17,82,44,28,0,10,98,38,0.598,206,210,6,2.51,2.56,17,79.7,30,30.1,51
91,Arizona Coyotes,2016-17,82,30,42,0,10,70,24,0.427,191,258,6,2.33,3.15,16.2,77.3,27.8,34.1,48
92,Chicago Blackhawks,2016-17,82,50,23,0,9,109,46,0.665,240,212,4,2.93,2.59,18,77.7,30.6,31.4,47.5
93,Montréal Canadiens,2015-16,82,38,38,0,6,82,33,0.5,216,233,5,2.63,2.84,16.2,81.9,30.5,29.4,50.3
94,Tampa Bay Lightning,2015-16,82,46,31,0,5,97,43,0.591,224,198,3,2.73,2.41,15.8,84,29.3,28.9,49.5
95,Calgary Flames,2015-16,82,35,40,0,7,77,33,0.47,229,257,2,2.79,3.13,17,75.5,29.2,29,48.6
96,Vancouver Canucks,2015-16,82,31,38,0,13,75,26,0.457,186,239,5,2.27,2.91,15.8,81.1,28.2,32.5,45.4
97,St. Louis Blues,2015-16,82,49,24,0,9,107,44,0.652,219,197,5,2.67,2.4,21.5,85.1,30.2,29.7,51.3
98,Florida Pathers,2015-16,82,47,26,0,9,103,40,0.628,232,200,7,2.83,2.44,16.9,79.5,28.8,29.5,50.1
99,Columbus Blue Jackets,2015-16,82,34,40,0,8,76,28,0.463,213,248,6,2.6,3.02,17.3,81,29.1,31.1,49
100,Winnipeg Jets,2015-16,82,35,39,0,8,78,32,0.476,212,236,3,2.59,2.88,14.8,78.4,29.6,29.5,50.3
101,Chicago Blackhawks,2015-16,82,47,26,0,9,103,46,0.628,234,207,1,2.85,2.52,22.6,80.3,30.5,30.8,49.3
102,Dallas Stars,2015-16,82,50,23,0,9,109,48,0.665,265,228,2,3.23,2.78,22.1,82.3,32,28.9,50.2
103,Buffalo Sabres,2015-16,82,35,36,0,11,81,33,0.494,199,215,2,2.43,2.62,18.9,82.6,29.5,30.6,49.4
104,Detroit Red Wings,2015-16,82,41,30,0,11,93,39,0.567,209,219,2,2.55,2.67,18.8,81.5,29.7,29.7,50.5
105,Philadelphia Flyers,2015-16,82,41,27,0,14,96,38,0.585,211,210,3,2.57,2.56,18.9,80.5,31,30.7,51
106,Anaheim Ducks,2015-16,82,46,25,0,11,103,43,0.628,215,188,3,2.62,2.29,23.1,87.2,30.3,27.5,51.9
107,Ottawa Senators,2015-16,82,38,35,0,9,85,32,0.518,230,241,6,2.8,2.94,15.8,75.8,28.4,32.8,50.5
108,Arizona Coyotes,2015-16,82,35,39,0,8,78,34,0.476,208,244,1,2.54,2.98,17.7,77.3,27.6,31,54.7
109,San Jose Sharks,2015-16,82,46,30,0,6,98,42,0.598,237,207,4,2.89,2.52,22.5,80.5,30.4,27.4,50.7
110,Washington Capitals,2015-16,82,56,18,0,8,120,52,0.732,248,191,4,3.02,2.33,21.9,85.2,30.6,28.4,49.6
111,New Jersey Devils,2015-16,82,38,36,0,8,84,36,0.512,182,202,2,2.22,2.46,19.9,83,24.4,28.6,46.4
112,Boston Bruins,2015-16,82,42,31,0,9,93,38,0.567,236,228,4,2.88,2.78,20.5,82.2,32,30.4,50.4
113,New York Rangers,2015-16,82,46,27,0,9,101,43,0.616,233,215,3,2.84,2.62,18.6,78.2,28.5,30.4,49.2
114,Minnesota Wild,2015-16,82,38,33,0,11,87,35,0.53,213,204,3,2.6,2.49,18.5,77.9,29,28.6,52.5
115,Colorado Avalanche,2015-16,82,39,39,0,4,82,35,0.5,212,240,4,2.59,2.93,18,80.2,28.6,32.3,49.9
116,Los Angeles Kings,2015-16,82,48,28,0,6,102,46,0.622,223,192,2,2.72,2.34,20,81.4,32,27.5,50.5
117,Toronto Maple Leafs,2015-16,82,29,42,0,11,69,23,0.421,192,240,6,2.34,2.93,15.4,81.6,30.7,30.5,50.6
118,New York Islanders,2015-16,82,45,27,0,10,100,40,0.61,227,211,5,2.77,2.57,18.3,84.5,29.4,30.4,50.1
119,Pittsburgh Penguins,2015-16,82,48,26,0,8,104,44,0.634,241,199,4,2.94,2.43,18.4,84.4,33.2,29.7,50.2
120,Carolina Hurricanes,2015-16,82,35,31,0,16,86,33,0.524,196,221,2,2.39,2.7,16.8,84.3,29.9,27.6,53.7
121,Edmonton Oilers,2015-16,82,31,43,0,8,70,27,0.427,199,242,4,2.43,2.95,18.1,81.1,29.1,31.1,48.8
122,Nashville Predators,2015-16,82,41,27,0,14,96,37,0.585,224,213,4,2.73,2.6,19.7,81.2,30.6,27.3,48.7
123,Columbus Blue Jackets,2014-15,82,42,35,0,5,89,33,0.543,227,248,9,2.77,3.02,21.7,80.2,28.9,33.4,49.3
124,New York Rangers,2014-15,82,53,22,0,7,113,49,0.689,248,187,4,3.02,2.28,16.8,84.3,31.5,29.5,46.7
125,Chicago Blackhawks,2014-15,82,48,28,0,6,102,39,0.622,220,186,9,2.68,2.27,17.6,83.4,33.9,30.2,52
126,Ottawa Senators,2014-15,82,43,26,0,13,99,37,0.604,232,208,6,2.83,2.54,16.8,82.9,31,32.1,48.2
127,Boston Bruins,2014-15,82,41,27,0,14,96,37,0.585,209,201,4,2.55,2.45,17.8,82,31,29.9,53.6
128,New Jersey Devils,2014-15,82,32,36,0,14,78,27,0.476,176,209,5,2.15,2.55,19.3,80.6,24.5,30.7,47.3
129,Nashville Predators,2014-15,82,47,25,0,10,104,41,0.634,226,202,6,2.76,2.46,16.2,80.8,31.9,28.3,48.9
130,Edmonton Oilers,2014-15,82,24,44,0,14,62,19,0.378,193,276,5,2.35,3.37,17.7,76.7,28.4,30,48.2
131,Los Angeles Kings,2014-15,82,40,27,0,15,95,38,0.579,218,197,2,2.66,2.4,19,80.9,30.9,27,51.3
132,Florida Pathers,2014-15,82,38,29,0,15,91,30,0.555,198,213,8,2.41,2.6,16.3,80,30.7,29.6,48.6
133,Vancouver Canucks,2014-15,82,48,29,0,5,101,42,0.616,236,220,6,2.88,2.68,19.3,85.7,29.9,29.8,46.7
134,Anaheim Ducks,2014-15,82,51,24,0,7,109,43,0.665,228,221,8,2.78,2.7,15.7,81,30,28.9,51.6
135,Montréal Canadiens,2014-15,82,50,22,0,10,110,43,0.671,214,184,7,2.61,2.24,16.5,83.7,28.5,30.1,52.1
136,Calgary Flames,2014-15,82,45,30,0,7,97,41,0.591,237,213,4,2.89,2.6,18.8,80.6,27.5,29.2,47.4
137,Buffalo Sabres,2014-15,82,23,51,0,8,54,15,0.329,153,269,8,1.87,3.28,13.4,75.1,24.2,35.6,44.9
138,San Jose Sharks,2014-15,82,40,33,0,9,89,36,0.543,224,226,4,2.73,2.76,21.6,78.5,31.6,29.7,51.9
139,Philadelphia Flyers,2014-15,82,33,31,0,18,84,30,0.512,212,223,3,2.59,2.72,23.4,77.1,29.4,30.3,51.1
140,Dallas Stars,2014-15,82,41,31,0,10,92,37,0.561,257,257,4,3.13,3.13,19,80.7,31.2,29.9,51.7
141,Washington Capitals,2014-15,82,45,26,0,11,101,40,0.616,237,199,5,2.89,2.43,25.3,81.2,29.5,28.9,51.2
142,Toronto Maple Leafs,2014-15,82,30,44,0,8,68,25,0.415,206,257,5,2.51,3.13,15.9,80.5,29.2,33.5,49
143,St. Louis Blues,2014-15,82,51,24,0,7,109,42,0.665,239,197,9,2.91,2.4,22.3,83.7,30.9,27.2,53.4
144,Carolina Hurricanes,2014-15,82,30,41,0,11,71,25,0.433,183,219,5,2.23,2.67,18.8,84.7,30.8,27.3,53
145,Winnipeg Jets,2014-15,82,43,26,0,13,99,36,0.604,223,204,7,2.72,2.49,17.8,81.8,29.7,28.7,48.9
146,Minnesota Wild,2014-15,82,46,28,0,8,100,42,0.61,227,198,4,2.77,2.41,15.8,86.3,30.8,27.6,49.9
147,Tampa Bay Lightning,2014-15,82,50,24,0,8,108,47,0.659,259,206,3,3.16,2.51,18.8,83.7,29.6,27.9,49.7
148,Pittsburgh Penguins,2014-15,82,43,27,0,12,98,39,0.598,217,204,4,2.65,2.49,19.3,84.8,31.6,29.3,49.1
149,Arizona Coyotes,2014-15,82,24,50,0,8,56,19,0.341,165,267,5,2.01,3.26,20,76.7,29.2,33.2,51.8
150,New York Islanders,2014-15,82,47,28,0,7,101,40,0.616,245,224,7,2.99,2.73,18.7,78,33.8,28.3,50.3
151,Detroit Red Wings,2014-15,82,43,25,0,14,100,39,0.61,231,211,4,2.82,2.57,23.8,80.9,29.6,28.3,51.5
152,Colorado Avalanche,2014-15,82,39,31,0,12,90,29,0.549,209,223,10,2.55,2.72,15,84.6,27.9,33.2,50.8
153,Dallas Stars,2013-14,82,40,31,0,11,91,36,0.555,231,223,4,2.82,2.72,15.9,81.4,31.7,30.4,50.1
154,Edmonton Oilers,2013-14,82,29,44,0,9,67,25,0.409,199,267,4,2.43,3.26,17,82.1,26.9,32.9,49
155,New York Islanders,2013-14,82,34,37,0,11,79,25,0.482,216,261,9,2.63,3.18,17.8,78.1,30.9,30,47.2
156,Florida Pathers,2013-14,82,29,45,0,8,66,21,0.402,188,262,8,2.29,3.2,10,75.9,29.9,31.1,48.3
157,Calgary Flames,2013-14,82,35,40,0,7,77,28,0.47,202,238,7,2.46,2.9,15.7,81.7,26.8,28.6,46.2
158,Columbus Blue Jackets,2013-14,82,43,32,0,7,93,38,0.567,226,214,5,2.76,2.61,19.3,82.1,29.6,30.8,51.5
159,Boston Bruins,2013-14,82,54,19,0,9,117,51,0.713,258,171,3,3.15,2.09,21.7,83.7,31.9,29.1,51.6
160,Nashville Predators,2013-14,82,38,32,0,12,88,36,0.537,214,233,2,2.61,2.84,19.2,80.3,29,28.9,53.1
161,Tampa Bay Lightning,2013-14,82,46,27,0,9,101,38,0.616,232,209,8,2.83,2.55,18.5,80.7,29.8,29.2,49.2
162,Montréal Canadiens,2013-14,82,46,28,0,8,100,40,0.61,209,201,6,2.55,2.45,17.2,85.1,28.4,31,49.6
163,Vancouver Canucks,2013-14,82,36,35,0,11,83,31,0.506,191,216,5,2.33,2.63,15.2,83.2,30.8,28.4,51.4
164,Arizona Coyotes,2013-14,82,37,30,0,15,89,31,0.543,210,224,6,2.56,2.73,19.9,79,30.5,31,52
165,Washington Capitals,2013-14,82,38,30,0,14,90,28,0.549,225,229,10,2.74,2.79,23.4,82,29.4,33.5,48.4
166,Pittsburgh Penguins,2013-14,82,51,24,0,7,109,44,0.665,242,204,7,2.95,2.49,23.4,85,29.9,28.8,51
167,Toronto Maple Leafs,2013-14,82,38,36,0,8,84,29,0.512,222,252,9,2.71,3.07,19.8,78.3,27.9,35.9,48.3
168,New York Rangers,2013-14,82,45,31,0,6,96,41,0.585,214,190,4,2.61,2.32,18.2,85.3,33.2,29.4,48.8
169,Detroit Red Wings,2013-14,82,39,28,0,15,93,34,0.567,217,221,5,2.65,2.7,17.7,83,30,29.3,50.7
170,Anaheim Ducks,2013-14,82,54,20,0,8,116,51,0.707,263,203,3,3.21,2.48,16,82.2,31.3,28.7,49.2
171,Colorado Avalanche,2013-14,82,52,22,0,8,112,47,0.683,245,216,5,2.99,2.63,19.8,80.7,29.5,32.7,49.5
172,Los Angeles Kings,2013-14,82,46,28,0,8,100,38,0.61,198,168,8,2.41,2.05,15.1,83.1,31.6,26.2,52.8
173,Winnipeg Jets,2013-14,82,37,35,0,10,84,29,0.512,219,231,8,2.67,2.82,15.4,83.2,30.7,30.1,46.9
174,Minnesota Wild,2013-14,82,43,27,0,12,98,35,0.598,199,198,8,2.43,2.41,17.8,78.8,26.6,27.7,50.9
175,Philadelphia Flyers,2013-14,82,42,30,0,10,94,39,0.573,233,227,3,2.84,2.77,19.7,84.8,30.4,30.6,50
176,San Jose Sharks,2013-14,82,51,22,0,9,111,41,0.677,239,193,10,2.91,2.35,17.2,84.9,34.8,27.8,52.8
177,Carolina Hurricanes,2013-14,82,36,35,0,11,83,34,0.506,205,226,2,2.5,2.76,14.6,81.7,31.2,30.9,52.6
178,Buffalo Sabres,2013-14,82,21,51,0,10,52,14,0.317,150,243,7,1.83,2.96,14.1,81.4,26.3,34.3,46.8
179,New Jersey Devils,2013-14,82,35,29,0,18,88,35,0.537,197,195,0,2.4,2.38,19.5,86.4,26.8,25.5,47
180,St. Louis Blues,2013-14,82,52,23,0,7,111,43,0.677,239,188,9,2.91,2.29,19.8,85.7,29.3,26.4,51.9
181,Ottawa Senators,2013-14,82,37,31,0,14,88,30,0.537,229,258,7,2.79,3.15,18.4,80.9,32.8,34.7,51.2
182,Chicago Blackhawks,2013-14,82,46,21,0,15,107,40,0.652,261,212,6,3.18,2.59,19.4,81.5,33.1,27.2,52
183,Anaheim Ducks,2012-13,48,30,12,0,6,66,24,0.688,134,115,6,2.79,2.4,21.5,81.5,28.1,27.9,47.5
184,Vancouver Canucks,2012-13,48,26,15,0,7,59,21,0.615,122,115,5,2.54,2.4,15.8,84,28.1,28.9,47.6
185,Montréal Canadiens,2012-13,48,29,14,0,5,63,26,0.656,146,124,3,3.04,2.58,20.7,79.8,30.6,26.9,49.8
186,Philadelphia Flyers,2012-13,48,23,22,0,3,49,22,0.51,132,139,1,2.75,2.9,21.6,85.9,29,28.6,48.5
187,Arizona Coyotes,2012-13,48,21,18,0,9,51,17,0.531,121,125,4,2.52,2.6,14.8,79.9,30.9,30.6,52
188,Pittsburgh Penguins,2012-13,48,36,12,0,0,72,33,0.75,162,119,3,3.38,2.48,24.7,79.6,30,29.2,51.5
189,New York Rangers,2012-13,48,26,18,0,4,56,22,0.583,126,108,4,2.63,2.25,15.7,81.1,30.9,28.2,50
190,Toronto Maple Leafs,2012-13,48,26,17,0,5,57,26,0.594,145,128,0,3.02,2.67,18.7,87.9,26.3,32.3,50
191,Washington Capitals,2012-13,48,27,18,0,3,57,24,0.594,146,130,3,3.04,2.71,26.8,77.9,28.1,32.3,50.8
192,Boston Bruins,2012-13,48,28,14,0,6,62,24,0.646,127,106,4,2.65,2.21,14.8,87.1,32.4,28.6,56.4
193,Columbus Blue Jackets,2012-13,48,24,17,0,7,55,19,0.573,115,115,5,2.4,2.4,14.2,82.6,26.7,29.9,52
194,Detroit Red Wings,2012-13,48,24,16,0,8,56,22,0.583,122,110,2,2.54,2.29,18.4,81.7,30.1,27.5,50.8
195,New Jersey Devils,2012-13,48,19,19,0,10,48,17,0.5,110,122,2,2.29,2.54,15.9,81.1,28.4,23.1,48.2
196,New York Islanders,2012-13,48,24,17,0,7,55,20,0.573,135,136,4,2.81,2.83,19.9,80.3,30.9,28.2,49.7
197,Buffalo Sabres,2012-13,48,21,21,0,6,48,14,0.5,118,139,7,2.46,2.9,14.1,79.2,27.9,33.5,46.2
198,San Jose Sharks,2012-13,48,25,16,0,7,57,17,0.594,116,112,8,2.42,2.33,20.1,85,31.8,29,53.4
199,Calgary Flames,2012-13,48,19,25,0,4,42,19,0.438,128,157,0,2.67,3.27,20,81.5,26.9,29.4,46.6
200,Florida Pathers,2012-13,48,15,27,0,6,36,12,0.375,109,170,3,2.27,3.54,20.4,74.2,29.2,31.3,49.4
201,Tampa Bay Lightning,2012-13,48,18,26,0,4,40,17,0.417,147,147,1,3.06,3.06,19,80.6,27.6,30.2,51.1
202,Los Angeles Kings,2012-13,48,27,16,0,5,59,25,0.615,131,114,2,2.73,2.38,19.9,83.2,29.8,25,52
203,Colorado Avalanche,2012-13,48,16,25,0,7,39,14,0.406,114,150,2,2.38,3.13,15,80.3,29.5,31.4,51.1
204,St. Louis Blues,2012-13,48,29,17,0,2,60,24,0.625,124,114,5,2.58,2.38,19.5,84.7,27.8,24.2,50.7
205,Winnipeg Jets,2012-13,48,24,21,0,3,51,22,0.531,126,141,2,2.63,2.94,13.8,79.7,28.9,29.7,48.9
206,Edmonton Oilers,2012-13,48,19,22,0,7,45,17,0.469,123,131,2,2.56,2.73,20.1,83.4,26.8,32.8,46.1
207,Minnesota Wild,2012-13,48,26,19,0,3,55,22,0.573,118,125,4,2.46,2.6,17.9,80.7,28.8,27.1,52.4
208,Carolina Hurricanes,2012-13,48,19,25,0,4,42,18,0.438,127,159,1,2.65,3.31,14.5,77.6,32.2,32.2,50.2
209,Ottawa Senators,2012-13,48,25,17,0,6,56,21,0.583,112,100,4,2.33,2.08,15.9,88,33.1,31.3,49.1
210,Chicago Blackhawks,2012-13,48,36,7,0,5,77,30,0.802,149,97,6,3.1,2.02,16.7,87.2,31.1,26.2,50.8
211,Dallas Stars,2012-13,48,22,22,0,4,48,20,0.5,128,141,2,2.67,2.94,17,81,26.3,31,47.2
212,Nashville Predators,2012-13,48,16,23,0,9,41,14,0.427,109,133,2,2.27,2.77,17.1,75.5,25.9,27.8,49.7
213,Calgary Flames,2011-12,82,37,29,0,16,90,34,0.549,199,217,3,2.43,2.65,17.7,84.3,27.5,30.8,46.2
214,New York Islanders,2011-12,82,34,37,0,11,79,27,0.482,196,251,7,2.39,3.06,18.5,80.5,29.4,30.1,48
215,Ottawa Senators,2011-12,82,41,31,0,10,92,35,0.561,243,236,6,2.96,2.88,18.1,81.6,31.4,32,50.1
216,Vancouver Canucks,2011-12,82,51,22,0,9,111,43,0.677,241,191,8,2.94,2.33,19.8,86,31.5,30.8,52.1
217,Detroit Red Wings,2011-12,82,48,28,0,6,102,39,0.622,239,200,9,2.91,2.44,16.1,81.8,32.2,27,51.6
218,Carolina Hurricanes,2011-12,82,33,33,0,16,82,32,0.5,212,237,1,2.59,2.89,16.7,80.5,30.5,32.4,50.7
219,Anaheim Ducks,2011-12,82,34,36,0,12,80,31,0.488,201,224,3,2.45,2.73,16.6,82,27.9,28.9,47.4
220,Pittsburgh Penguins,2011-12,82,51,25,0,6,108,42,0.659,273,218,9,3.33,2.66,19.7,87.8,33.9,27.4,50.4
221,Colorado Avalanche,2011-12,82,41,35,0,6,88,32,0.537,199,218,9,2.43,2.66,18.4,83,31.5,29.6,51.6
222,Philadelphia Flyers,2011-12,82,47,26,0,9,103,43,0.628,260,225,4,3.17,2.74,19.7,81.8,32.2,28.4,48.3
223,Nashville Predators,2011-12,82,48,26,0,8,104,43,0.634,232,205,5,2.83,2.5,21.6,83.6,27.6,30.8,49
224,St. Louis Blues,2011-12,82,49,22,0,11,109,45,0.665,206,155,4,2.51,1.89,16.7,85.8,30.6,26.7,50.4
225,New Jersey Devils,2011-12,82,48,28,0,6,102,36,0.622,216,205,12,2.63,2.5,17.2,89.6,27.5,26.8,47.1
226,Columbus Blue Jackets,2011-12,82,29,46,0,7,65,25,0.396,198,257,4,2.41,3.13,15.4,76.6,29.9,30.9,50.9
227,Arizona Coyotes,2011-12,82,42,27,0,13,97,36,0.591,210,194,6,2.56,2.37,13.5,85.5,29.6,31.6,50.1
228,Buffalo Sabres,2011-12,82,39,32,0,11,89,32,0.543,211,223,7,2.57,2.72,17.1,81.7,29.2,31.4,49.5
229,New York Rangers,2011-12,82,51,24,0,7,109,47,0.665,222,182,4,2.71,2.22,15.7,86.2,28.5,27.8,49.9
230,Minnesota Wild,2011-12,82,35,36,0,11,81,24,0.494,166,217,11,2.02,2.65,15.1,82.1,26.5,31.4,51.2
231,San Jose Sharks,2011-12,82,43,29,0,10,96,34,0.585,219,205,9,2.67,2.5,21.1,76.9,33.8,28.6,53.3
232,Tampa Bay Lightning,2011-12,82,38,36,0,8,84,35,0.512,232,278,3,2.83,3.39,15.2,79.2,27.2,30.5,48.6
233,Washington Capitals,2011-12,82,42,32,0,8,92,38,0.561,218,226,4,2.66,2.76,16.7,81.6,28,30.2,50
234,Los Angeles Kings,2011-12,82,40,27,0,15,95,34,0.579,188,170,6,2.29,2.07,17,87,30.6,27.4,51.5
235,Montréal Canadiens,2011-12,82,31,35,0,16,78,26,0.476,207,214,5,2.52,2.61,14.3,88.6,28.5,29.7,48.3
236,Edmonton Oilers,2011-12,82,32,40,0,10,74,27,0.451,207,232,5,2.52,2.83,20.6,82.4,26.7,30.7,47.7
237,Florida Pathers,2011-12,82,38,26,0,18,94,32,0.573,197,216,6,2.4,2.63,18.5,79.5,29.7,30.5,50.6
238,Winnipeg Jets,2011-12,82,37,35,0,10,84,33,0.512,221,242,4,2.7,2.95,17.9,80.1,30.1,30.1,49
239,Chicago Blackhawks,2011-12,82,45,26,0,11,101,38,0.616,241,231,7,2.94,2.82,15.2,78.1,31.5,28.6,50.5
240,Boston Bruins,2011-12,82,49,29,0,4,102,40,0.622,260,199,9,3.17,2.43,17.2,83.5,32.4,29.8,54.5
241,Toronto Maple Leafs,2011-12,82,35,37,0,10,80,31,0.488,227,259,4,2.77,3.16,18.4,77.3,28.3,30.8,51.6
242,Dallas Stars,2011-12,82,42,35,0,5,89,35,0.543,204,218,7,2.49,2.66,13.5,82.8,28.2,30.8,49.1
243,Nashville Predators,2010-11,82,44,27,0,11,99,38,0.604,213,190,6,2.6,2.32,15.2,84.9,28.8,30.6,50.2
244,Buffalo Sabres,2010-11,82,43,29,0,10,96,38,0.585,240,228,5,2.93,2.78,19.4,83,32.8,30.7,47.7
245,Tampa Bay Lightning,2010-11,82,46,25,0,11,103,40,0.628,241,234,6,2.94,2.85,20.5,83.8,31.8,28.7,50.4
246,Los Angeles Kings,2010-11,82,46,30,0,6,98,36,0.598,209,196,10,2.55,2.39,16.1,85.5,28.8,27.9,51.1
247,Washington Capitals,2010-11,82,48,23,0,11,107,43,0.652,219,191,5,2.67,2.33,17.5,85.6,31.3,29,51.6
248,Minnesota Wild,2010-11,82,39,35,0,8,86,36,0.524,203,228,3,2.48,2.78,18.1,82.8,26.2,32,50.7
249,Florida Pathers,2010-11,82,30,40,0,12,72,26,0.439,191,222,4,2.33,2.71,13.1,84.6,30.4,31.8,51.9
250,Philadelphia Flyers,2010-11,82,47,23,0,12,106,44,0.646,256,216,3,3.12,2.63,16.6,82.7,31.8,30.1,50.3
251,St. Louis Blues,2010-11,82,38,33,0,11,87,34,0.53,236,228,4,2.88,2.78,18.6,81.7,30.2,27.7,47.3
252,New York Rangers,2010-11,82,44,33,0,5,93,35,0.567,224,195,9,2.73,2.38,16.9,83.7,29.9,29.4,47.7
253,Montréal Canadiens,2010-11,82,44,30,0,8,96,41,0.585,213,206,3,2.6,2.51,19.7,84.4,31.7,31,49
254,Toronto Maple Leafs,2010-11,82,37,34,0,11,85,32,0.518,213,245,5,2.6,2.99,16,77.5,28.8,31,50.4
255,Colorado Avalanche,2010-11,82,30,44,0,8,68,24,0.415,221,287,6,2.7,3.5,18.5,76.1,29.2,31.8,50.6
256,Arizona Coyotes,2010-11,82,43,26,0,13,99,38,0.604,226,220,5,2.76,2.68,15.9,78.4,30.3,32.6,51.5
257,Carolina Hurricanes,2010-11,82,40,31,0,11,91,35,0.555,231,234,5,2.82,2.85,15.9,81.3,30.7,33.2,44.6
258,Atlanta Thrashers,2010-11,82,34,36,0,12,80,29,0.488,218,262,5,2.66,3.2,18.3,77.5,31.5,32.2,48.7
259,Ottawa Senators,2010-11,82,32,40,0,10,74,30,0.451,190,245,2,2.32,2.99,17.5,83.7,29,31.2,50.8
260,Pittsburgh Penguins,2010-11,82,49,25,0,8,106,39,0.646,228,196,10,2.78,2.39,15.8,86.1,31.5,28.7,49.2
261,Dallas Stars,2010-11,82,42,29,0,11,95,37,0.579,222,226,5,2.71,2.76,18,80.1,27.7,30.5,50
262,Calgary Flames,2010-11,82,41,29,0,12,94,32,0.573,241,230,9,2.94,2.8,19.5,81.2,30.5,28.5,48.1
263,New Jersey Devils,2010-11,82,38,39,0,5,81,35,0.494,171,207,3,2.09,2.52,14.3,83.4,28.6,26.2,51.2
264,Vancouver Canucks,2010-11,82,54,19,0,9,117,50,0.713,258,180,4,3.15,2.2,24.3,85.6,32,30.1,54.9
265,Detroit Red Wings,2010-11,82,47,25,0,10,104,43,0.634,257,237,4,3.13,2.89,22.3,82.3,33.6,30.7,51.9
266,Boston Bruins,2010-11,82,46,25,0,11,103,44,0.628,244,189,2,2.98,2.3,16.2,82.6,32.9,32.7,51.9
267,San Jose Sharks,2010-11,82,48,25,0,9,105,43,0.64,243,208,5,2.96,2.54,23.5,79.6,34.5,28.9,53.7
268,Edmonton Oilers,2010-11,82,25,45,0,12,62,23,0.378,191,260,2,2.33,3.17,14.5,76.9,26.7,31.7,44.1
269,Chicago Blackhawks,2010-11,82,44,29,0,9,97,38,0.591,252,220,6,3.07,2.68,23.1,79.2,32.2,28.7,50.8
270,Columbus Blue Jackets,2010-11,82,34,35,0,13,81,29,0.494,210,250,5,2.56,3.05,14,80.3,30.6,29.8,51.2
271,Anaheim Ducks,2010-11,82,47,30,0,5,99,43,0.604,235,233,4,2.87,2.84,23.5,81.3,28.5,32.3,47.7
272,New York Islanders,2010-11,82,30,39,0,13,73,26,0.445,225,258,4,2.74,3.15,17.2,83.2,29.4,32,50.1
273,Toronto Maple Leafs,2009-10,82,30,38,0,14,74,26,0.451,210,263,4,2.56,3.21,14,74.7,32.6,29.8,50.8
274,New Jersey Devils,2009-10,82,48,27,0,7,103,42,0.628,216,186,6,2.63,2.27,18.7,82.8,30,27,49.4
275,Minnesota Wild,2009-10,82,38,36,0,8,84,33,0.512,214,239,5,2.61,2.91,19.1,82.7,27.6,29.5,52.2
276,Colorado Avalanche,2009-10,82,43,30,0,9,95,36,0.579,237,228,7,2.89,2.78,18.1,80.2,27.9,32.1,47.7
277,Pittsburgh Penguins,2009-10,82,47,28,0,7,101,39,0.616,249,235,8,3.04,2.87,17.2,84.1,32.8,28.7,49.3
278,Los Angeles Kings,2009-10,82,46,27,0,9,101,36,0.616,231,211,10,2.82,2.57,20.8,80.3,29.1,27.6,50.6
279,Montréal Canadiens,2009-10,82,39,33,0,10,88,32,0.537,210,218,7,2.56,2.66,21.8,83,28.6,32.1,49.7
280,Tampa Bay Lightning,2009-10,82,34,36,0,12,80,30,0.488,213,253,4,2.6,3.09,19.3,80,28.9,31.4,51.5
281,Nashville Predators,2009-10,82,47,29,0,6,100,39,0.61,217,221,8,2.65,2.7,16.4,77.1,30.6,29.2,49.2
282,Buffalo Sabres,2009-10,82,45,27,0,10,100,41,0.61,231,201,4,2.82,2.45,17.6,86.6,31.6,31.4,48.6
283,San Jose Sharks,2009-10,82,51,20,0,11,113,44,0.689,257,209,7,3.13,2.55,21,85,31.7,31.4,55.6
284,Detroit Red Wings,2009-10,82,44,24,0,14,102,38,0.622,223,207,6,2.72,2.52,19.2,83.9,33.4,29.4,51.1
285,Carolina Hurricanes,2009-10,82,35,37,0,10,80,31,0.488,226,251,4,2.76,3.06,16.9,80.6,29.3,31.4,48.1
286,Washington Capitals,2009-10,82,54,15,0,13,121,49,0.738,313,227,5,3.82,2.77,25.2,78.8,32.8,30.9,51.5
287,Edmonton Oilers,2009-10,82,27,47,0,8,62,19,0.378,206,278,8,2.51,3.39,17.3,78,28.3,33.1,46.4
288,Calgary Flames,2009-10,82,40,32,0,10,90,37,0.549,201,203,3,2.45,2.48,16,82.3,28.7,28.9,48
289,Philadelphia Flyers,2009-10,82,41,35,0,6,88,37,0.537,232,222,4,2.83,2.71,21.4,83,31.6,28.6,50.1
290,Chicago Blackhawks,2009-10,82,52,22,0,8,112,43,0.683,262,203,9,3.2,2.48,17.7,85.3,34.1,25.1,52.4
291,Atlanta Thrashers,2009-10,82,35,34,0,13,83,31,0.506,230,250,4,2.8,3.05,16.1,82.2,29.4,33.1,50.8
292,Anaheim Ducks,2009-10,82,39,32,0,11,89,34,0.543,233,243,5,2.84,2.96,21,79.3,30.1,33.4,48.1
293,Ottawa Senators,2009-10,82,44,32,0,6,94,39,0.573,220,233,5,2.68,2.84,16.9,84.3,29.7,28.5,49.3
294,Vancouver Canucks,2009-10,82,49,28,0,5,103,45,0.628,268,218,4,3.27,2.66,20.9,81.6,30.9,29.5,51.4
295,Boston Bruins,2009-10,82,39,30,0,13,91,29,0.555,196,191,10,2.39,2.33,16.6,86.4,31.7,29.8,52.6
296,St. Louis Blues,2009-10,82,40,32,0,10,90,33,0.549,218,218,7,2.66,2.66,16.9,86.8,29.8,30.2,48.8
297,Columbus Blue Jackets,2009-10,82,32,35,0,15,79,30,0.482,214,249,2,2.61,3.04,18.2,81.7,28.5,30.7,51
298,New York Islanders,2009-10,82,34,37,0,11,79,26,0.482,214,258,8,2.61,3.15,16,76.3,30.4,31.9,48.2
299,Arizona Coyotes,2009-10,82,50,25,0,7,107,36,0.652,211,196,14,2.57,2.39,14.6,84.5,30.5,29.6,50
300,New York Rangers,2009-10,82,38,33,0,11,87,35,0.53,219,214,3,2.67,2.61,18.3,84.3,29.6,29.9,49.2
301,Dallas Stars,2009-10,82,37,31,0,14,88,30,0.537,230,244,7,2.8,2.98,18.6,77.4,30.8,31.2,48.1
302,Florida Pathers,2009-10,82,32,37,0,13,77,26,0.47,202,234,6,2.46,2.85,14.2,79.4,28.4,34.1,49.9
303,New York Islanders,2008-09,82,26,47,0,9,61,23,0.372,198,274,3,2.41,3.34,16.9,79.8,28.9,33.5,45.7
304,Nashville Predators,2008-09,82,40,34,0,8,88,34,0.537,207,228,6,2.52,2.78,15.7,82.5,29,29.4,52.2
305,New York Rangers,2008-09,82,43,30,0,9,95,33,0.579,200,212,10,2.44,2.59,13.9,87.8,32.4,29.7,50.8
306,San Jose Sharks,2008-09,82,53,18,0,11,117,47,0.713,251,199,6,3.06,2.43,24.2,83.3,33.2,27.2,53.8
307,Columbus Blue Jackets,2008-09,82,41,31,0,10,92,35,0.561,220,223,6,2.68,2.72,12.7,82.1,28.9,27.8,51.2
308,Los Angeles Kings,2008-09,82,34,37,0,11,79,29,0.482,202,226,5,2.46,2.76,19.2,82.9,29.1,28.1,52
309,Arizona Coyotes,2008-09,82,36,39,0,7,79,33,0.482,205,249,3,2.5,3.04,14.5,76.8,28.1,31.6,44.8
310,Colorado Avalanche,2008-09,82,32,45,0,5,69,23,0.421,190,253,9,2.32,3.09,15.7,79.9,28.8,29,47.8
311,Chicago Blackhawks,2008-09,82,46,24,0,12,104,42,0.634,260,209,4,3.17,2.55,19.3,80.6,32.7,28.6,48.1
312,Carolina Hurricanes,2008-09,82,45,30,0,7,97,42,0.591,236,221,3,2.88,2.7,18.7,80.4,32.6,29.5,51.3
313,Washington Capitals,2008-09,82,50,24,0,8,108,46,0.659,268,240,4,3.27,2.93,25.2,80.6,33.5,29.5,51.7
314,Dallas Stars,2008-09,82,36,35,0,11,83,30,0.506,224,251,6,2.73,3.06,15.4,78.6,28.9,28.1,47.8
315,Buffalo Sabres,2008-09,82,41,32,0,9,91,33,0.555,242,229,8,2.95,2.79,20.9,81.8,30.5,31.4,47.4
316,Boston Bruins,2008-09,82,53,19,0,10,116,49,0.707,270,190,4,3.29,2.32,23.6,82.3,30.3,30.8,51
317,Ottawa Senators,2008-09,82,36,35,0,11,83,32,0.506,213,231,4,2.6,2.82,19.5,81.5,29.3,28.5,51.8
318,Toronto Maple Leafs,2008-09,82,34,35,0,13,81,28,0.494,244,286,6,2.98,3.49,18.8,74.7,31.7,30.3,50.1
319,Tampa Bay Lightning,2008-09,82,24,40,0,18,66,21,0.402,207,269,3,2.52,3.28,17.8,78,28.5,32.9,50.1
320,Philadelphia Flyers,2008-09,82,44,27,0,11,99,40,0.604,260,232,4,3.17,2.83,22.5,83,29.8,32.5,48.3
321,Edmonton Oilers,2008-09,82,38,35,0,9,85,32,0.518,228,244,6,2.78,2.98,16.9,77.5,28.1,32.5,47.9
322,Detroit Red Wings,2008-09,82,51,21,0,10,112,45,0.683,289,240,6,3.52,2.93,25.5,78.3,36.2,27.7,55.1
323,Florida Pathers,2008-09,82,41,30,0,11,93,38,0.567,231,223,3,2.82,2.72,16.6,82.6,29.4,34.7,47.9
324,Calgary Flames,2008-09,82,46,30,0,6,98,43,0.598,251,246,3,3.06,3,17,83.4,32.2,29.8,51.3
325,New Jersey Devils,2008-09,82,51,27,0,4,106,45,0.646,238,207,6,2.9,2.52,18.9,79.9,32.9,29.5,51.3
326,Pittsburgh Penguins,2008-09,82,45,28,0,9,99,39,0.604,258,233,6,3.15,2.84,17.2,82.7,29,30.3,49.1
327,Vancouver Canucks,2008-09,82,45,27,0,10,100,42,0.61,243,213,3,2.96,2.6,18.8,81.4,28.5,29.2,51.9
328,Atlanta Thrashers,2008-09,82,35,41,0,6,76,28,0.463,250,279,7,3.05,3.4,19.3,75.9,28.1,32.7,51.1
329,St. Louis Blues,2008-09,82,41,31,0,10,92,35,0.561,227,227,6,2.77,2.77,20.5,83.8,27.7,28.5,49.1
330,Montréal Canadiens,2008-09,82,41,30,0,11,93,34,0.567,242,240,7,2.95,2.93,19.3,82.4,30,31.7,50.9
331,Minnesota Wild,2008-09,82,40,33,0,9,89,35,0.543,214,197,5,2.61,2.4,20.1,87.6,27.5,30.7,48.5
332,Anaheim Ducks,2008-09,82,42,33,0,7,91,35,0.555,238,235,7,2.9,2.87,23.6,79.7,30.3,30.5,49.8
333,Washington Capitals,2007-08,82,43,31,0,8,94,39,0.573,238,227,4,2.9,2.77,18.8,80.5,31,27.5,51.2
334,Toronto Maple Leafs,2007-08,82,36,35,0,11,83,33,0.506,228,256,3,2.78,3.12,17.8,78.1,31,29.3,49.8
335,New Jersey Devils,2007-08,82,46,29,0,7,99,38,0.604,198,193,8,2.41,2.35,15.6,82.8,28.8,27.5,50.4
336,New York Rangers,2007-08,82,42,27,0,13,97,34,0.591,205,190,8,2.5,2.32,16.5,84.5,31.5,25.9,52.3
337,Minnesota Wild,2007-08,82,44,28,0,10,98,41,0.598,220,210,3,2.68,2.56,18.9,85.2,27,30.1,47.3
338,Dallas Stars,2007-08,82,45,30,0,7,97,40,0.591,237,204,5,2.89,2.49,18.1,85.6,26.7,26.1,50.4
339,Carolina Hurricanes,2007-08,82,43,33,0,6,92,41,0.561,250,246,2,3.05,3,18.8,78.9,32.5,28.9,49.4
340,Ottawa Senators,2007-08,82,43,31,0,8,94,40,0.573,258,242,3,3.15,2.95,18.3,81,30.1,30,51.6
341,Philadelphia Flyers,2007-08,82,42,29,0,11,95,39,0.579,245,227,3,2.99,2.77,21.8,83.2,28.8,31.8,49.3
342,Edmonton Oilers,2007-08,82,41,35,0,6,88,26,0.537,220,247,15,2.68,3.01,16.6,84.7,26.3,31.4,50.5
343,Montréal Canadiens,2007-08,82,47,25,0,10,104,42,0.634,257,216,5,3.13,2.63,24.1,82.5,29.1,31.6,49
344,Chicago Blackhawks,2007-08,82,40,34,0,8,88,35,0.537,234,231,5,2.85,2.82,15.9,82.1,28,28.6,52.3
345,Vancouver Canucks,2007-08,82,39,33,0,10,88,33,0.537,207,206,6,2.52,2.51,17.1,82.6,27.5,28.9,48.7
346,Columbus Blue Jackets,2007-08,82,34,36,0,12,80,31,0.488,190,210,3,2.32,2.56,14.9,83.3,29,27.4,52.3
347,Buffalo Sabres,2007-08,82,39,31,0,12,90,35,0.549,251,233,4,3.06,2.84,18,83.2,30.2,28.4,48.6
348,Los Angeles Kings,2007-08,82,32,43,0,7,71,27,0.433,226,263,5,2.76,3.21,17.4,78,28.6,32,47.8
349,New York Islanders,2007-08,82,35,38,0,9,79,30,0.482,189,240,5,2.3,2.93,14.5,81.9,29.7,30.3,51
350,Nashville Predators,2007-08,82,41,32,0,9,91,38,0.555,227,224,3,2.77,2.73,14.8,85.4,29.6,29.8,50.5
351,St. Louis Blues,2007-08,82,33,36,0,13,79,30,0.482,202,232,3,2.46,2.83,14.1,84.4,26.1,27.4,51.8
352,Arizona Coyotes,2007-08,82,38,37,0,7,83,33,0.506,209,225,5,2.55,2.74,18.6,80.7,30.5,30.7,48.6
353,Pittsburgh Penguins,2007-08,82,47,27,0,8,102,40,0.622,240,212,7,2.93,2.59,20.4,81,27.7,30.8,46.1
354,Anaheim Ducks,2007-08,82,47,27,0,8,102,39,0.622,197,184,8,2.4,2.24,16.6,83.1,27.3,28,50.2
355,Tampa Bay Lightning,2007-08,82,31,42,0,9,71,29,0.433,221,266,2,2.7,3.24,19.3,82,28.7,28.2,49.7
356,Boston Bruins,2007-08,82,41,29,0,12,94,35,0.573,206,215,6,2.51,2.62,17.5,78.6,28.5,30.5,49.1
357,Atlanta Thrashers,2007-08,82,34,40,0,8,76,25,0.463,207,266,9,2.52,3.24,16.4,78.8,25.8,33.9,51.8
358,Colorado Avalanche,2007-08,82,44,31,0,7,95,37,0.579,224,216,7,2.73,2.63,14.6,81.4,28.6,27.3,47.8
359,Detroit Red Wings,2007-08,82,54,21,0,7,115,49,0.701,252,179,5,3.07,2.18,20.7,84,34.4,23.5,53.3
360,Florida Pathers,2007-08,82,38,35,0,9,85,33,0.518,211,220,5,2.57,2.68,19.2,82.3,31.1,33.6,48.8
361,Calgary Flames,2007-08,82,42,30,0,10,94,39,0.573,226,224,3,2.76,2.73,16.8,81.5,28.2,28.5,49.5
362,San Jose Sharks,2007-08,82,49,23,0,10,108,43,0.659,216,187,6,2.63,2.28,18.7,85.8,29.6,24.2,51.2
363,Columbus Blue Jackets,2006-07,82,33,42,0,7,73,28,0.445,196,244,5,2.39,2.98,14.8,81.2,27.7,28.6,50.1
364,Carolina Hurricanes,2006-07,82,40,34,0,8,88,40,0.537,241,248,0,2.94,3.02,15,84.5,31.2,28.5,52.3
365,Dallas Stars,2006-07,82,50,25,0,7,107,41,0.652,217,193,9,2.65,2.35,18.5,84.4,28,25.4,50.1
366,New Jersey Devils,2006-07,82,49,24,0,9,107,39,0.652,206,193,10,2.51,2.35,17.7,85.2,28.7,28.4,49
367,Ottawa Senators,2006-07,82,48,25,0,9,105,46,0.64,286,216,2,3.49,2.63,17.9,84.5,32.3,30.2,50.3
368,New York Rangers,2006-07,82,42,30,0,10,94,33,0.573,233,211,9,2.84,2.57,18.5,83.8,31.5,28.4,49.9
369,Montréal Canadiens,2006-07,82,42,34,0,6,90,36,0.549,239,251,6,2.91,3.06,22.8,83.5,29.6,32.7,49.5
370,Nashville Predators,2006-07,82,51,23,0,8,110,45,0.671,266,207,6,3.24,2.52,17.4,85.8,27.6,31.2,50.3
371,Tampa Bay Lightning,2006-07,82,44,33,0,5,93,34,0.567,243,259,10,2.96,3.16,18.4,78.4,29.5,27.2,48.9
372,Florida Pathers,2006-07,82,35,31,0,16,86,33,0.524,245,249,2,2.99,3.04,18.1,82.4,33.3,29.3,47.9
373,Philadelphia Flyers,2006-07,82,22,48,0,12,56,21,0.341,213,297,1,2.6,3.62,14.1,84.5,28.8,32.6,47.1
374,Buffalo Sabres,2006-07,82,53,22,0,7,113,43,0.689,298,238,10,3.63,2.9,17.4,81.3,29.5,31,51.4
375,Edmonton Oilers,2006-07,82,32,43,0,7,71,29,0.433,192,245,3,2.34,2.99,14.2,84.5,26.7,29.7,51.5
376,Boston Bruins,2006-07,82,35,41,0,6,76,26,0.463,210,285,9,2.56,3.48,17.2,81.7,28.9,33.5,48.3
377,Arizona Coyotes,2006-07,82,31,46,0,5,67,26,0.409,211,282,5,2.57,3.44,16.5,78.3,28.3,30.1,52.7
378,Los Angeles Kings,2006-07,82,27,41,0,14,68,23,0.415,223,277,4,2.72,3.38,18.3,77.8,31,29.8,47.7
379,New York Islanders,2006-07,82,40,30,0,12,92,32,0.561,240,235,8,2.93,2.87,18.1,81.8,30,32.6,51.6
380,San Jose Sharks,2006-07,82,51,26,0,5,107,49,0.652,256,197,2,3.12,2.4,22.4,83.3,28.6,26.2,51.1
381,St. Louis Blues,2006-07,82,34,35,0,13,81,28,0.494,208,248,6,2.54,3.02,12.1,80,26.9,28.9,51.1
382,Atlanta Thrashers,2006-07,82,43,28,0,11,97,36,0.591,239,241,7,2.91,2.94,16.5,79.8,29.7,31.5,52.9
383,Chicago Blackhawks,2006-07,82,31,42,0,9,71,25,0.433,195,251,6,2.38,3.06,11.8,82.6,26.8,29.4,47.8
384,Calgary Flames,2006-07,82,43,29,0,10,96,40,0.585,255,221,3,3.11,2.7,18.2,80.4,27.3,30.5,48.4
385,Washington Capitals,2006-07,82,28,40,0,14,70,27,0.427,234,275,1,2.85,3.35,16.4,80.2,28,33.3,49.8
386,Colorado Avalanche,2006-07,82,44,31,0,7,95,39,0.579,267,247,5,3.26,3.01,21.1,80.2,31.7,29,48.6
387,Minnesota Wild,2006-07,82,48,26,0,8,104,38,0.634,225,184,10,2.74,2.24,18.9,86,29.6,28.8,47.6
388,Toronto Maple Leafs,2006-07,82,40,31,0,11,91,36,0.555,254,262,4,3.1,3.2,17.7,78.5,32.7,28.4,51.9
389,Vancouver Canucks,2006-07,82,49,26,0,7,105,44,0.64,217,197,5,2.65,2.4,17.2,86.9,29.3,29.2,49.2
390,Pittsburgh Penguins,2006-07,82,47,24,0,11,105,37,0.64,267,240,10,3.26,2.93,20.3,82.1,28.9,30.9,47
391,Anaheim Ducks,2006-07,82,48,20,0,14,110,44,0.671,254,198,4,3.1,2.41,22.4,85.1,31.5,27.4,51.8
392,Detroit Red Wings,2006-07,82,50,19,0,13,113,48,0.689,252,191,2,3.07,2.33,17.1,84.5,33.8,24.6,53.6